city,state,program_name,model,scope,cycle,fee_notes,year,authority,url,notes,verify
Chester,PA,Residential Rental License,license,All non-owner-occupied residential units,Annual license + inspection,Per-unit annual fee,,City of Chester Code / L&I,https://www.chestercity.com/departments/licenses-and-inspections/,Reference model for this scan; enforcement relaunched in rounds 2021-2023 per city FAQ,N
Philadelphia,PA,Rental License + Certificate of Rental Suitability,license,All rental units,Annual,Per-unit annual fee (~$60s),,Phila. Code ch. 9-3900,https://www.phila.gov/services/permits-violations-licenses/get-a-license/business-licenses/rental-and-property/get-a-rental-license/,Moving toward rotating proactive inspections on ~5-yr cycle,N
Pittsburgh,PA,Rental Registration Program,registration,All rental units,Periodic,Per-unit fee,2015+,Pittsburgh Code ch. 781,https://pittsburghpa.gov/pli,Litigated by landlord groups; re-adopted - confirm current operating status,Y
West Chester,PA,Rental License,license,All rental properties,Annual license; periodic inspection,Per-property fee + inspection,,Borough Code,https://www.west-chester.com/823/Rental-Licenses,Typical PA borough model; hundreds of PA boroughs have similar programs,N
Allentown,PA,Rental Registration & Inspection,inspection,All rental units,Systematic inspection cycle,Per-unit fee,,City Code,https://www.allentownpa.gov/,Long-running systematic rental inspection city,Y
Baltimore,MD,Rental Property License,license,All rentals incl. 1-2 unit dwellings,2-3 yr license; inspection by state-licensed private inspector,Per-property fee + private inspection cost,2018,Balt. City Code art. 13,https://dhcd.baltimorecity.gov/rental-property-registration-and-licensing,One of oldest inspection regimes; expanded to 1-2 unit buildings in 2018-19,N
Washington,DC,Basic Business License (rental endorsements),license,All rental housing,Biennial license; proactive inspections,Fee by endorsement class,,DC Code / DOB,https://dob.dc.gov/,One- and two-family and apartment endorsements; DOB proactive inspection program,N
Montgomery County,MD,Rental Facility License,license,All rental facilities,Annual,Per-unit fee,,County Code ch. 29,https://www.montgomerycountymd.gov/DHCA/housing/licensing/,County-level licensing model,N
Prince George's County,MD,Rental Facility License,license,Single-family + multifamily rentals,Biennial,Per-facility fee,,County Code,https://www.princegeorgescountymd.gov/,Confirm current cycle and scope,Y
Boston,MA,Rental Registration & Inspection,registration,All private rental units,Annual registration; inspection every 5 yrs,Per-unit registration fee,2013,Boston Code ch. 9-1.3,https://www.boston.gov/departments/inspectional-services/rental-registration,Registration + rolling 5-yr inspection,N
New York,NY,HPD Annual Property Registration,registration,3+ unit buildings and non-owner-occupied 1-2 family,Annual,Modest per-building fee,,NYC Admin Code / MDL,https://www.nyc.gov/site/hpd/services-and-information/register-your-property.page,Registration only - no license gate; separate rent-stabilization registry,N
Rochester,NY,Certificate of Occupancy for Rentals,inspection,All rental property,C of O renewed on 3-6 yr cycle by risk,Inspection fee,,Rochester Code ch. 90,https://www.cityofrochester.gov/co/,Lead-paint inspection integrated into C of O cycle - notable model,N
Syracuse,NY,Rental Registry,registration,Non-owner-occupied 1-2 family,Periodic with interior inspection,Per-property fee,2007,Syracuse Code,https://www.syracuse.ny.us/,Strengthened ~2019-2020 to require interior inspections; upheld in court,N
Albany,NY,Residential Occupancy Permit,inspection,Rental units,Every 30 months,Per-unit fee,,Albany Code ch. 231,https://www.albanyny.gov/,ROP model - permit conditioned on inspection,N
Buffalo,NY,Rental Registration,registration,Non-owner-occupied 1-2 family,Annual,Per-property fee,,Buffalo Code,https://www.buffalony.gov/,Confirm scope and inspection component,Y
New Jersey,NJ,Statewide Landlord Registration + Cyclical Inspections,state,All rentals (registration); 3+ unit buildings (5-yr state inspections),Registration at tenancy; inspections every 5 yrs,State inspection fees,,N.J.S.A. 46:8-27; Hotel & Multiple Dwelling Act,https://www.nj.gov/dca/codes/,Strongest statewide model in US,N
Minneapolis,MN,Rental Dwelling License,license,All rental property,Annual; inspection frequency by tier (1-3),Tiered per-unit fees rising with violation history,,Minneapolis Code ch. 244,https://www2.minneapolismn.gov/business-services/licenses-permits-inspections/rental-licenses/,Tiered risk-based licensing - much-copied model; ~90% compliance reported,N
St. Paul,MN,Fire Certificate of Occupancy,inspection,All non-owner-occupied residential,Periodic by class (A/B/C),Per-inspection fees,,St. Paul Code ch. 40,https://www.stpaul.gov/departments/safety-inspections,C of O with letter grades setting reinspection frequency,N
Bloomington,MN,Rental Housing License,license,All rental housing,Annual license + annual inspection,Per-unit fee,,City Code,https://www.bloomingtonmn.gov/eh/rental-housing-licensing-and-inspection-program,Annual inspection of every rental - high-intensity model,N
Milwaukee,WI,Residential Rental Inspection (targeted),inspection,Designated districts only,Periodic,Per-unit fee,2010,Milwaukee Code,https://city.milwaukee.gov/DNS,Narrowed by WI Acts 176 (2015) & 317 (2017) state preemption,N
Detroit,MI,Rental Registration + Certificate of Compliance,inspection,All rentals exc. owner-occupied single-family,Registration + periodic compliance cert incl. lead clearance,Registration free; inspection/cert fees,,Detroit Code ch. 8,https://detroitmi.gov/departments/buildings-safety-engineering-and-environmental-department-bseed/bseed-divisions/property-maintenance/tenant-rental-property/landlord-rental,Compliance cert requires lead clearance for pre-1978,N
Grand Rapids,MI,Rental Certification,inspection,All rental dwellings,Certificate ~4-yr cycle,Per-unit fee,,City Code,https://www.grandrapidsmi.gov/,Long-running certification program,N
Ann Arbor,MI,Certificate of Compliance,inspection,All rental housing,Inspection every ~2.5 yrs,Per-unit fee,,Ann Arbor Code ch. 105,https://www.a2gov.org/departments/build-rent-inspect/,University town model; near-universal coverage,N
Cleveland,OH,Rental Registration + Lead Safe Certification,registration,All rentals; lead cert for pre-1978,Annual registration; lead cert 2-yr,Per-unit fees,2019,Cleveland Code ch. 365/240,https://www.clevelandohio.gov/,Lead Safe Cleveland phase-in 2021-2023,N
Cincinnati,OH,Residential Rental Registration,registration,Rental dwellings,Annual,Per-property fee,,Cincinnati Code,https://www.cincinnati-oh.gov/buildings/,Confirm current scope - expanded amid 2022-23 institutional-landlord fights,Y
Des Moines,IA,Rental Certificate of Occupancy,inspection,All rental property,Certificate with periodic inspection,Per-unit fee,,Municipal Code ch. 60,https://www.dsm.city/,Registration + inspection + certificate,N
Iowa City,IA,Rental Permit,inspection,All rental units,Permit with ~2-yr inspection cycle,Per-structure + per-unit fee,,City Code tit. 17,https://www.icgov.org/,State preempted occupancy caps (2017) but permits survive,N
Kansas City,MO,Healthy Homes Rental Inspection Program,inspection,All rental units,Registration + complaint-based and proactive inspection,~$20/unit/yr,2018,Voter-approved ordinance (Question 1 2018),https://www.kcmo.gov/city-hall/departments/health/healthy-homes-rental-inspection-program,Health-department-run - distinctive public-health framing,N
Bloomington,IN,Residential Rental Occupancy Permit,inspection,All rental units,Cyclical inspection,Fees capped by state law,pre-1984,City Code tit. 16,https://bloomington.in.gov/housing/rental-occupancy,Grandfathered under Ind. Code 36-1-20-4.1 preemption,N
Evanston,IL,Rental Registration & Licensing,license,Rental dwellings,Annual,Per-unit fee,,City Code,https://www.cityofevanston.org/,Chicago itself has no citywide program - suburbs do,Y
Memphis,TN,Rental Registration (Code Enforcement),registration,Rental property,Annual,Annual fee,,Memphis/Shelby Co. Code,https://www.memphistn.gov/,Confirm details - relevant TN comparator for Nashville,Y
Dallas,TX,Rental Registration Program,registration,Single-family and multifamily rentals,Annual registration + inspection program,Per-unit/property fees,,Dallas Code ch. 27,https://dallascityhall.com/departments/codecompliance/,Expanded single-family registration amid investor-owner growth,N
Austin,TX,Repeat Offender Program,registration,Properties with violation history only,Annual while designated,Per-property fee,2013,Austin Code,https://www.austintexas.gov/department/repeat-offender-program,Targeted problem-property registration - preemption-resilient design,N
Louisville,KY,Rental Registry,registration,Rental dwellings,Annual,Per-property fee,2023,Louisville Metro Code,https://louisvilleky.gov/,Recently adopted - confirm implementation status,Y
Florida,FL,DBPR Public Lodging License (apartments),state,Non-transient apartment buildings statewide,Annual state license + inspections,Per-unit state fee,,Fla. Stat. ch. 509,https://www2.myfloridalicense.com/,Statewide licensing of apartment buildings - state-model comparator,N
Seattle,WA,Rental Registration & Inspection Ordinance (RRIO),registration,All rental housing,Registration renewed 2 yrs; inspection at least once/5-10 yrs,~$110 first unit + per-unit,2012,Seattle Code ch. 22.214,https://www.seattle.gov/sdci/codes/codes-we-enforce-(a-z)/rental-regulations,Registration + random/periodic inspection by private or city inspectors,N
Tacoma,WA,Rental Housing Code + Business License,license,All rental property,Annual business license per property,License fee,,Tacoma Code,https://www.cityoftacoma.org/,Rental Housing Code ties standards to license,N
Tukwila,WA,Rental Housing Inspection Program,inspection,All rental units,Registration + periodic inspection,Per-unit fee,,City Code,https://www.tukwilawa.gov/,Small-city WA model; see also Bellingham Pasco Burien Kenmore Aberdeen,N
Spokane,WA,Long-Term Rental Registry,registration,Long-term rental units,Annual,~$127 base + $15/unit,2023,Spokane Code,https://my.spokanecity.org/,Explicitly branded long-term rental registry,N
Portland,OR,Residential Rental Registration,registration,All residential rental units,Annual (filed with business tax Schedule R),$60/unit,2019,Portland Code ch. 7.02,https://www.portland.gov/revenue/residential-rental-registration,Registration via tax filing - low-friction design,N
Sacramento,CA,Rental Housing Inspection Program,inspection,All rental housing,Registration + routine inspection cycle,Per-unit annual fee,2008,Sacramento Code ch. 8.120,https://www.cityofsacramento.gov/community-development/code-compliance/rental-housing,Self-certification available after passing initial inspection,N
Los Angeles,CA,Systematic Code Enforcement Program (SCEP) + Rent Registry,inspection,All rentals 2+ units,Inspection ~every 4 yrs,Per-unit annual SCEP fee,1998,LAMC ch. XVI,https://housing.lacity.gov/,Oldest big-city systematic inspection program; registry for RSO units,N
Long Beach,CA,Proactive Rental Housing Inspection Program,inspection,Rental properties 4+ units,Periodic proactive inspection,Per-unit fee,,Long Beach Code,https://www.longbeach.gov/lbcd/enforcement/prhip/,Confirm current unit-count scope,Y
Berkeley,CA,Rental Housing Safety Program + Rent Registry,inspection,All rental units,Annual owner self-certification + city inspections,Per-unit fee,,Berkeley Code ch. 12.48,https://berkeleyca.gov/,Paired with rent-stabilization registry,N
San Francisco,CA,Housing Inventory (Rent Board),registration,All residential units incl. rentals,Annual reporting,Per-unit Rent Board fee,2021,SF Admin Code ch. 37A,https://www.sf.gov/departments/rent-board,Usage/occupancy/rent reporting - data-rich registry model,N
Boulder,CO,Rental Housing License,license,All rental housing,License renewed every 4 yrs; inspection each cycle,Per-property fee + private inspection,,Boulder Code ch. 10-3,https://bouldercolorado.gov/services/rental-housing-licensing,SmartRegs energy standards tied to license - unique feature,N
Denver,CO,Residential Rental Property License,license,All rental properties (phased 2023 multi / 2024 single),License 4-yr; inspection by private licensed inspector,Fee by unit count,2021,Denver Code ch. 27 art. XIII,https://www.denvergov.org/Government/Agencies-Departments-Offices/Agencies-Departments-Offices-Directory/Business-Licensing/Business-licenses/Residential-rental-property,Newest big-city licensing program; fines to $5000,N
Fort Collins,CO,Residential Rental Registration/License,registration,Long-term rental units,Periodic,Per-unit fee,2023,City Code,https://www.fcgov.com/rentalhousing/,Recently adopted alongside occupancy reform,Y
Salt Lake City,UT,Business License for Rentals + Landlord/Tenant Initiative,license,All rental dwellings,Annual,Base + per-unit fee; discount for Good Landlord training,,SLC Code,https://www.slc.gov/,Incentive-based Good Landlord model,N
