year,zip_code,eff,br1,br2,br3,br4
2017,county,700,780,959,1274,1503
2018,county,731,816,1002,1327,1564
2019,county,830,911,1103,1455,1738
2020,county,898,957,1136,1484,1822
2021,county,998,1031,1197,1539,1930
2022,county,1079,1100,1253,1587,1975
2023,county,1218,1245,1406,1758,2173
2024,county,1404,1442,1619,2035,2482
2025,MSA level,1589,1650,1827,2308,2840
2025,37010,1270,1300,1510,2050,2480
2025,37011,1630,1690,1870,2360,2910
2025,37012,1270,1300,1460,1840,2240
2025,37013,1680,1740,1930,2440,3000
2025,37014,2070,2150,2380,3000,3700
2025,37015,1330,1390,1540,1940,2390
2025,37016,1270,1300,1460,1840,2240
2025,37018,1270,1300,1460,1940,2240
2025,37020,1270,1300,1460,1890,2240
2025,37022,1550,1610,1780,2250,2770
2025,37024,1630,1690,1870,2360,2910
2025,37025,1270,1300,1460,1840,2240
2025,37026,1270,1300,1460,1840,2240
2025,37027,2220,2300,2550,3220,3960
2025,37029,1270,1300,1460,1840,2240
2025,37031,1270,1300,1460,1840,2240
2025,37032,1270,1300,1460,1840,2240
2025,37035,1350,1400,1550,1960,2410
2025,37036,1270,1300,1460,1840,2240
2025,37037,1940,2010,2230,2820,3470
2025,37043,1270,1300,1460,1840,2240
2025,37046,1700,1770,2000,2550,3030
2025,37048,1270,1300,1460,1840,2240
2025,37049,1270,1300,1460,1840,2240
2025,37051,1270,1300,1460,1840,2240
2025,37052,1270,1300,1460,1840,2240
2025,37055,1270,1300,1460,1840,2240
2025,37056,1270,1300,1460,1840,2240
2025,37057,1270,1300,1460,1840,2240
2025,37060,1470,1540,1710,2170,2620
2025,37062,1630,1690,1870,2360,2910
2025,37064,1980,2060,2280,2880,3540
2025,37065,2150,2230,2470,3120,3840
2025,37066,1340,1390,1540,1950,2390
2025,37067,2120,2200,2440,3080,3790
2025,37068,2150,2230,2470,3120,3840
2025,37069,2380,2470,2740,3460,4260
2025,37070,1630,1690,1870,2360,2910
2025,37072,1520,1580,1750,2210,2720
2025,37073,1300,1350,1490,1880,2320
2025,37074,1270,1300,1460,1840,2240
2025,37075,1640,1710,1890,2390,2940
2025,37076,1570,1630,1810,2290,2810
2025,37077,1450,1510,1670,2110,2600
2025,37080,1270,1300,1460,1840,2240
2025,37082,1430,1490,1650,2080,2560
2025,37085,1350,1410,1550,1960,2420
2025,37086,1820,1890,2090,2640,3250
2025,37087,1270,1310,1460,1840,2250
2025,37088,1500,1560,1730,2190,2690
2025,37089,1520,1580,1750,2210,2720
2025,37090,1500,1560,1730,2180,2680
2025,37095,1270,1300,1460,1840,2240
2025,37101,1270,1300,1460,1840,2240
2025,37110,810,810,930,1170,1450
2025,37115,1440,1500,1660,2100,2580
2025,37116,1630,1690,1870,2360,2910
2025,37118,1270,1300,1460,1840,2240
2025,37121,1500,1560,1730,2190,2690
2025,37122,2030,2100,2330,2940,3620
2025,37127,1410,1460,1620,2050,2520
2025,37128,1680,1740,1930,2440,3000
2025,37129,1630,1690,1870,2360,2910
2025,37130,1300,1350,1490,1880,2320
2025,37131,1520,1580,1750,2210,2720
2025,37132,1300,1350,1490,1880,2320
2025,37133,1520,1580,1750,2210,2720
2025,37135,2380,2470,2740,3460,4260
2025,37138,1550,1610,1780,2250,2770
2025,37141,1330,1380,1530,1930,2380
2025,37143,1400,1450,1610,2030,2500
2025,37146,1500,1560,1730,2190,2690
2025,37148,1270,1300,1460,1840,2240
2025,37149,1270,1300,1460,1840,2240
2025,37152,1310,1360,1510,1910,2350
2025,37153,1760,1830,2020,2560,3140
2025,37160,1270,1300,1460,1840,2240
2025,37165,1270,1300,1460,1840,2240
2025,37166,1270,1300,1460,1840,2240
2025,37167,1450,1510,1670,2110,2600
2025,37171,1270,1300,1460,1840,2240
2025,37172,1320,1370,1520,1920,2360
2025,37174,1840,1890,2220,2810,3230
2025,37179,2350,2440,2700,3410,4200
2025,37180,1270,1300,1460,1840,2240
2025,37181,1270,1300,1460,1840,2240
2025,37184,1270,1300,1460,1840,2240
2025,37186,1270,1300,1460,1840,2240
2025,37187,1270,1300,1460,1840,2240
2025,37188,1510,1570,1740,2200,2700
2025,37189,1370,1420,1570,1980,2440
2025,37190,1270,1300,1460,1840,2240
2025,37201,2260,2350,2600,3280,4040
2025,37202,1630,1690,1870,2360,2910
2025,37203,1740,1810,2000,2530,3110
2025,37204,2040,2120,2350,2970,3650
2025,37205,2070,2150,2380,3010,3700
2025,37206,1640,1710,1890,2390,2940
2025,37207,1270,1320,1460,1840,2270
2025,37208,1670,1730,1920,2430,2980
2025,37209,1700,1770,1960,2480,3050
2025,37210,1430,1490,1650,2080,2560
2025,37211,1550,1610,1780,2250,2770
2025,37212,1680,1740,1930,2440,3000
2025,37213,1670,1740,1920,2420,2980
2025,37214,1780,1850,2050,2590,3190
2025,37215,2080,2160,2390,3020,3720
2025,37216,1640,1710,1890,2390,2940
2025,37217,1550,1610,1780,2250,2770
2025,37218,1410,1460,1620,2050,2520
2025,37219,2170,2260,2500,3160,3890
2025,37220,2380,2470,2740,3460,4260
2025,37221,1950,2020,2240,2830,3480
2025,37222,1630,1690,1870,2360,2910
2025,37224,1630,1690,1870,2360,2910
2025,37228,1640,1710,1890,2390,2940
2025,37229,1630,1690,1870,2360,2910
2025,37232,1630,1690,1870,2360,2910
2025,37236,1630,1690,1870,2360,2910
2025,37238,1630,1690,1870,2360,2910
2025,37240,1630,1690,1870,2360,2910
2025,37243,1630,1690,1870,2360,2910
2025,37246,1630,1690,1870,2360,2910
2025,37357,1270,1300,1460,1840,2240
2025,38401,1270,1300,1460,1840,2240
2025,38476,1270,1310,1470,1860,2280
2026,MSA level,1507,1578,1730,2211,2696
2026,37010,1150,1170,1360,1850,2240
2026,37011,1540,1610,1770,2260,2760
2026,37012,1150,1170,1320,1660,2020
2026,37013,1630,1710,1870,2390,2910
2026,37014,1960,2060,2250,2880,3510
2026,37015,1270,1330,1460,1870,2280
2026,37016,1180,1240,1360,1740,2120
2026,37018,1150,1170,1320,1760,2020
2026,37020,1150,1230,1360,1810,2130
2026,37022,1400,1450,1610,2030,2500
2026,37024,1540,1610,1770,2260,2760
2026,37025,1150,1170,1320,1660,2020
2026,37026,1150,1170,1320,1660,2020
2026,37027,2130,2230,2440,3120,3800
2026,37029,1150,1170,1320,1660,2020
2026,37031,1150,1190,1320,1670,2030
2026,37032,1150,1170,1320,1660,2020
2026,37035,1430,1500,1640,2100,2560
2026,37036,1150,1170,1320,1660,2020
2026,37037,1900,1990,2180,2790,3400
2026,37043,1170,1170,1440,2000,2420
2026,37046,1600,1680,1880,2420,2870
2026,37048,1150,1170,1320,1660,2020
2026,37049,1150,1170,1320,1660,2020
2026,37051,1150,1170,1320,1660,2020
2026,37052,1150,1170,1320,1660,2020
2026,37055,1150,1170,1320,1660,2020
2026,37056,1150,1170,1320,1660,2020
2026,37057,1150,1170,1320,1660,2020
2026,37060,1370,1460,1600,2070,2500
2026,37062,1470,1530,1690,2130,2620
2026,37064,1870,1960,2150,2750,3350
2026,37065,1990,2080,2280,2910,3550
2026,37066,1350,1410,1550,1980,2420
2026,37067,1960,2050,2250,2880,3510
2026,37068,1990,2080,2280,2910,3550
2026,37069,2260,2370,2600,3320,4050
2026,37070,1540,1610,1770,2260,2760
2026,37072,1420,1490,1630,2080,2540
2026,37073,1210,1270,1390,1780,2170
2026,37074,1150,1170,1320,1660,2020
2026,37075,1650,1720,1890,2420,2950
2026,37076,1550,1620,1780,2280,2770
2026,37077,1390,1450,1590,2030,2480
2026,37080,1150,1170,1320,1660,2020
2026,37082,1320,1380,1510,1930,2350
2026,37085,1320,1380,1520,1940,2360
2026,37086,1730,1820,1990,2540,3100
2026,37087,1210,1260,1390,1780,2160
2026,37088,1420,1490,1630,2080,2540
2026,37089,1450,1510,1660,2120,2590
2026,37090,1430,1490,1640,2100,2550
2026,37095,1150,1170,1320,1660,2020
2026,37101,1150,1170,1320,1660,2020
2026,37110,740,740,970,1170,1310
2026,37115,1410,1480,1620,2070,2520
2026,37116,1540,1610,1770,2260,2760
2026,37118,1150,1170,1320,1660,2020
2026,37121,1420,1490,1630,2080,2540
2026,37122,1920,2010,2200,2810,3430
2026,37127,1360,1420,1560,1990,2430
2026,37128,1570,1640,1800,2300,2800
2026,37129,1570,1640,1800,2300,2800
2026,37130,1280,1340,1470,1880,2290
2026,37131,1450,1510,1660,2120,2590
2026,37132,1280,1340,1470,1880,2290
2026,37133,1450,1510,1660,2120,2590
2026,37135,2260,2370,2600,3320,4050
2026,37138,1510,1580,1730,2210,2700
2026,37141,1280,1340,1470,1880,2290
2026,37143,1300,1360,1490,1900,2320
2026,37146,1430,1500,1640,2100,2560
2026,37148,1150,1170,1320,1660,2020
2026,37149,1150,1180,1320,1660,2020
2026,37152,1230,1290,1410,1800,2200
2026,37153,1670,1750,1920,2450,2990
2026,37160,1150,1170,1320,1660,2020
2026,37165,1150,1170,1320,1660,2020
2026,37166,1150,1170,1320,1660,2020
2026,37167,1430,1500,1640,2100,2560
2026,37171,1150,1170,1320,1670,2030
2026,37172,1230,1290,1410,1800,2200
2026,37174,1760,1810,2050,2610,3070
2026,37179,2130,2230,2440,3120,3800
2026,37180,1150,1170,1320,1660,2020
2026,37181,1150,1170,1320,1660,2020
2026,37184,1150,1170,1320,1660,2020
2026,37186,1150,1170,1320,1660,2020
2026,37187,1150,1170,1320,1660,2020
2026,37188,1460,1530,1680,2150,2620
2026,37189,1290,1350,1480,1890,2310
2026,37190,1150,1170,1320,1660,2020
2026,37201,2060,2150,2360,3020,3680
2026,37202,1540,1610,1770,2260,2760
2026,37203,1730,1820,1990,2540,3100
2026,37204,1990,2080,2280,2910,3550
2026,37205,1940,2030,2230,2850,3470
2026,37206,1600,1680,1840,2350,2870
2026,37207,1260,1320,1450,1850,2260
2026,37208,1640,1720,1880,2400,2930
2026,37209,1700,1780,1950,2490,3040
2026,37210,1380,1440,1580,2020,2460
2026,37211,1550,1620,1780,2280,2770
2026,37212,1590,1660,1820,2330,2840
2026,37213,1590,1670,1830,2340,2850
2026,37214,1740,1820,2000,2560,3120
2026,37215,1920,2010,2200,2810,3430
2026,37216,1580,1650,1810,2310,2820
2026,37217,1550,1620,1780,2280,2770
2026,37218,1380,1440,1580,2020,2460
2026,37219,2130,2230,2440,3120,3800
2026,37220,2150,2230,2470,3120,3840
2026,37221,1920,2010,2200,2810,3430
2026,37222,1540,1610,1770,2260,2760
2026,37224,1540,1610,1770,2260,2760
2026,37228,1510,1580,1730,2210,2700
2026,37229,1540,1610,1770,2260,2760
2026,37232,1540,1610,1770,2260,2760
2026,37236,1540,1610,1770,2260,2760
2026,37238,1540,1610,1770,2260,2760
2026,37243,1540,1610,1770,2260,2760
2026,37246,1540,1610,1770,2260,2760
2026,37357,1150,1170,1320,1660,2020
2026,38401,1150,1170,1320,1660,2020
2026,38476,1180,1220,1390,1770,2210
